{
    "name": "Q/A Assistant",
    "intents": [
        {
            "type": "registry",
            "id": "SearchWeatherForecast",
            "version": "latest",
            "language": "en",
            "slots": [
                {
                    "required": false,
                    "name": "weatherForecastLocality",
                    "missingQuestion": "",
                    "entity": "locality"
                },
                {
                    "required": false,
                    "name": "weatherForecastCountry",
                    "missingQuestion": "",
                    "entity": "country"
                },
                {
                    "required": false,
                    "name": "weatherForecastRegion",
                    "missingQuestion": "",
                    "entity": "region"
                },
                {
                    "required": false,
                    "name": "weatherForecastGeographicalPOI",
                    "missingQuestion": "",
                    "entity": "geographicalPOI"
                },
                {
                    "required": false,
                    "name": "weatherForecastStartDatetime",
                    "missingQuestion": "",
                    "entity": "startDatetime"
                }
            ],
            "name": "SearchWeatherForecast",
            "confirmationRequired": false,
            "confirmationQuestion": ""
        },
        {
            "type": "registry",
            "id": "AddBookToCollection",
            "version": "latest",
            "language": "en",
            "slots": [
                {
                    "required": false,
                    "name": "readingListOwnerName",
                    "missingQuestion": "",
                    "entity": "readingListOwnerName"
                },
                {
                    "required": false,
                    "name": "bookLanguage",
                    "missingQuestion": "",
                    "entity": "language"
                },
                {
                    "required": false,
                    "name": "readingListName",
                    "missingQuestion": "",
                    "entity": "readingListName"
                },
                {
                    "required": false,
                    "name": "bookAudienceName",
                    "missingQuestion": "",
                    "entity": "audienceName"
                },
                {
                    "required": false,
                    "name": "bookGenre",
                    "missingQuestion": "",
                    "entity": "genre"
                },
                {
                    "required": false,
                    "name": "bookName",
                    "missingQuestion": "",
                    "entity": "name"
                },
                {
                    "required": false,
                    "name": "bookSelect",
                    "missingQuestion": "",
                    "entity": "select"
                },
                {
                    "required": false,
                    "name": "bookAuthorName",
                    "missingQuestion": "",
                    "entity": "authorName"
                }
            ],
            "name": "AddBookToCollection",
            "confirmationRequired": false,
            "confirmationQuestion": ""
        },
        {
            "type": "registry",
            "id": "ReadCalendar",
            "version": "latest",
            "language": "en",
            "slots": [
                {
                    "required": false,
                    "name": "calendarOwnerName",
                    "missingQuestion": "",
                    "entity": "ownerName"
                }
            ],
            "name": "ReadCalendar",
            "confirmationRequired": false,
            "confirmationQuestion": ""
        },
        {
            "type": "registry",
            "id": "OrderCoffee",
            "version": "latest",
            "language": "en",
            "slots": [
                {
                    "required": false,
                    "name": "coffeeName",
                    "missingQuestion": "",
                    "entity": "coffeeName"
                },
                {
                    "required": false,
                    "name": "coffeeSize",
                    "missingQuestion": "",
                    "entity": "coffeeSize"
                },
                {
                    "required": false,
                    "name": "coffeeStrength",
                    "missingQuestion": "",
                    "entity": "coffeeStrength"
                },
                {
                    "required": false,
                    "name": "coffeeQuantity",
                    "missingQuestion": "",
                    "entity": "coffeeQuantity"
                },
                {
                    "required": false,
                    "name": "coffeeDeca",
                    "missingQuestion": "",
                    "entity": "coffeeDeca"
                },
                {
                    "required": false,
                    "name": "sugar",
                    "missingQuestion": "",
                    "entity": "sugar"
                },
                {
                    "required": false,
                    "name": "sugarQuantity",
                    "missingQuestion": "",
                    "entity": "sugarQuantity"
                },
                {
                    "required": false,
                    "name": "cream",
                    "missingQuestion": "",
                    "entity": "cream"
                },
                {
                    "required": false,
                    "name": "milk",
                    "missingQuestion": "",
                    "entity": "milk"
                },
                {
                    "required": false,
                    "name": "milkType",
                    "missingQuestion": "",
                    "entity": "milkType"
                }
            ],
            "name": "OrderCoffee",
            "confirmationRequired": false,
            "confirmationQuestion": ""
        }
    ],
    "createdAt": 1496924884281,
    "language": "en",
    "nluEngine": {
        "version": "0.8.1"
    }
}